old,new
item1.png,sword-flaming.png
item2.png,sword-steel.png
item3.png,sword-flaming-red.png
item4.png,sword-broad-steel.png
item5.png,sword-gold.png
item6.png,sword-broad-steel-2.png
item7.png,dagger-shadow.png
item8.png,sword-steel-2.png
item9.png,sword-frost.png
item10.png,boomerang-nature.png
item11.png,sword-shadow-magic.png
item12.png,sword-flaming-gold.png
item13.png,sword-jeweled.png
item14.png,sword-poison-green.png
item15.png,sword-broad-blue.png
item16.png,sword-poison-flame.png
item17.png,sword-flaming-2.png
item18.png,sword-frost-blade.png
item19.png,sword-frost-white.png
item20.png,sword-flaming-gold-2.png
item21.png,pickaxe-flaming.png
item22.png,pickaxe-copper.png
item23.png,pickaxe-steel.png
item24.png,pickaxe-orange.png
item25.png,bow-steel.png
item26.png,bow-frost.png
item27.png,bow-orange.png
item28.png,bow-shadow.png
item29.png,pickaxe-crimson.png
item30.png,pickaxe-poison-green.png
item31.png,pickaxe-shadow.png
item32.png,pickaxe-flaming-star.png
item33.png,pickaxe-flame-orange.png
item34.png,pickaxe-crimson-red.png
item35.png,pickaxe-flame.png
item36.png,pickaxe-crimson-2.png
item37.png,pickaxe-flaming-2.png
item38.png,pickaxe-frost.png
item39.png,pickaxe-steel-2.png
item40.png,axe-copper.png
item41.png,hammer-steel.png
item42.png,axe-flaming.png
item43.png,axe-steel.png
item44.png,axe-orange.png
item45.png,axe-frost.png
item46.png,axe-bronze.png
item47.png,hammer-flaming.png
item48.png,axe-flaming-gold.png
item49.png,axe-poison-nature.png
item50.png,axe-crimson.png
item51.png,pickaxe-steel-3.png
item52.png,axe-flaming-gold-2.png
item53.png,axe-frost-blue.png
item54.png,pickaxe-crimson-3.png
item55.png,axe-crimson-2.png
item56.png,axe-flaming-2.png
item57.png,axe-frost-2.png
item58.png,axe-flaming-gold-3.png
item59.png,axe-bronze-2.png
item60.png,hammer-steel-2.png
item61.png,warhammer-flaming.png
item62.png,warhammer-gold.png
item63.png,warhammer-frost.png
item64.png,axe-crimson-double.png
item65.png,axe-orange-2.png
item66.png,axe-flaming-gold-4.png
item67.png,axe-poison-nature-2.png
item68.png,axe-crimson-shadow.png
item69.png,axe-flaming-gold-5.png
item70.png,mace-flaming.png
item71.png,warhammer-steel.png
item72.png,warhammer-stone.png
item73.png,hammer-flaming-2.png
item74.png,hammer-frost.png
item75.png,hammer-bone.png
item76.png,hammer-orange.png
item77.png,warhammer-stone-2.png
item78.png,warhammer-crimson.png
item79.png,hammer-steel-3.png
item80.png,hammer-gold.png
item81.png,hammer-frost-2.png
item82.png,hammer-bronze.png
item83.png,hammer-stone.png
item84.png,staff-nature-green.png
item85.png,staff-poison-rose.png
item86.png,staff-crimson.png
item87.png,hammer-flaming-3.png
item88.png,staff-frost-white.png
item89.png,staff-flaming.png
item90.png,warhammer-gold-2.png
item91.png,hammer-frost-3.png
item92.png,hammer-flaming-gold.png
item93.png,axe-flaming-3.png
item94.png,axe-crimson-3.png
item95.png,axe-flaming-orange.png
item96.png,axe-crimson-red.png
item97.png,axe-flaming-gold-6.png
item98.png,axe-frost-steel.png
item99.png,warhammer-crimson-2.png
item100.png,warhammer-flaming-2.png
item101.png,scythe-orange-flame.png
item102.png,sickle-green-poison.png
item103.png,scythe-purple-blade.png
item104.png,scythe-orange-fire.png
item105.png,sickle-orange-blade.png
item106.png,scythe-red-blade.png
item107.png,scythe-gray-steel.png
item108.png,scythe-gray-iron.png
item109.png,sickle-orange-curved.png
item110.png,scythe-blue-frost.png
item111.png,sickle-dark-blade.png
item112.png,sickle-brown-curved.png
item113.png,scythe-orange-red.png
item114.png,staff-candy-cane.png
item115.png,spear-gold-tip.png
item116.png,spear-orange-fire.png
item117.png,spear-red-tip.png
item118.png,spear-gray-steel.png
item119.png,spear-orange-flame.png
item120.png,spear-blue-ice.png
item121.png,spear-orange-slim.png
item122.png,spear-gray-simple.png
item123.png,spear-red-barbed.png
item124.png,lance-gold-tip.png
item125.png,lance-white-gold.png
item126.png,mace-red-orb.png
item127.png,staff-orange-gem.png
item128.png,spear-orange-flame-2.png
item129.png,spear-orange-tip.png
item130.png,trident-gray-steel.png
item131.png,mace-gold-ball.png
item132.png,mace-white-cross.png
item133.png,mace-orange-ball.png
item134.png,morningstar-blue-spiked.png
item135.png,mace-gold-spiked.png
item136.png,staff-blue-star.png
item137.png,morningstar-red-spiked.png
item138.png,staff-pink-flower.png
item139.png,staff-gold-star.png
item140.png,staff-orange-star.png
item141.png,flail-white-ball.png
item142.png,mace-gold-flame.png
item143.png,staff-orange-star-2.png
item144.png,staff-orange-sun.png
item145.png,morningstar-blue-frost.png
item146.png,mace-orange-ball-2.png
item147.png,boomerang-orange-blade.png
item148.png,boomerang-gold-curved.png
item149.png,shield-gold-spiked.png
item150.png,mace-orange-hammer.png
item151.png,hammer-blue-steel.png
item152.png,hammer-gray-mallet.png
item153.png,wand-orange-tip.png
item154.png,wand-orange-gem.png
item155.png,wand-orange-slim.png
item156.png,wand-gold-tip.png
item157.png,staff-blue-star-2.png
item158.png,wand-orange-tip-2.png
item159.png,wand-green-tip.png
item160.png,wand-green-tip-2.png
item161.png,wand-red-tip.png
item162.png,staff-green-gem.png
item163.png,mace-orange-ball-3.png
item164.png,wand-blue-tip.png
item165.png,wand-gold-slim.png
item166.png,medal-gray-silver.png
item167.png,medal-orange-gold.png
item168.png,medal-white-silver.png
item169.png,medal-gold-ribbon.png
item170.png,medal-blue-emblem.png
item171.png,pitchfork-orange-fire.png
item172.png,trident-orange-flame.png
item173.png,trident-blue-frost.png
item174.png,trident-orange-fire.png
item175.png,trident-blue-ice.png
item176.png,pitchfork-white-bone.png
item177.png,wand-white-crystal.png
item178.png,trident-green-poison.png
item179.png,trident-purple-shadow.png
item180.png,trident-orange-fire-2.png
item181.png,trident-blue-steel.png
item182.png,trident-red-flame.png
item183.png,trident-red-fire.png
item184.png,trident-blue-frost-2.png
item185.png,trident-orange-fire-3.png
item186.png,boomerang-white-curved.png
item187.png,boomerang-red-curved.png
item188.png,boomerang-orange-fire.png
item189.png,boomerang-blue-frost.png
item190.png,boomerang-white-curved-2.png
item191.png,trident-green-poison-2.png
item192.png,trident-blue-ice-2.png
item193.png,pitchfork-green-nature.png
item194.png,mace-gold-ball-2.png
item195.png,wand-white-blade.png
item196.png,shield-orange-wood.png
item197.png,shield-red-gem.png
item198.png,shield-blue-steel.png
item199.png,shield-green-emblem.png
item200.png,shield-green-gold.png
item201.png,armor-helmet-leather-brown.png
item202.png,armor-helmet-steel.png
item203.png,armor-helmet-crimson.png
item204.png,armor-helmet-plate-white.png
item205.png,hat-crown-fire.png
item206.png,armor-helmet-iron.png
item207.png,armor-helmet-fur.png
item208.png,armor-helmet-bone.png
item209.png,hat-leather-brown.png
item210.png,armor-helmet-frost.png
item211.png,armor-helmet-demon-horned.png
item212.png,hat-explorer-brown.png
item213.png,armor-helmet-dark.png
item214.png,hat-witch-fire.png
item215.png,armor-helmet-flame.png
item216.png,armor-helmet-molten.png
item217.png,armor-helmet-rainbow.png
item218.png,armor-helmet-silver.png
item219.png,armor-helmet-black.png
item220.png,armor-helmet-warrior-red.png
item221.png,armor-chest-crimson.png
item222.png,armor-chest-silver.png
item223.png,armor-chest-flame.png
item224.png,armor-chest-steel.png
item225.png,armor-chest-molten.png
item226.png,armor-chest-frost.png
item227.png,armor-chest-plate-white.png
item228.png,armor-chest-crimson-red.png
item229.png,armor-chest-bronze.png
item230.png,armor-chest-vine-green.png
item231.png,armor-chest-plate-steel.png
item232.png,armor-chest-leather-brown.png
item233.png,armor-chest-jacket-gray.png
item234.png,armor-chest-frost-blue.png
item235.png,armor-legs-crimson-red.png
item236.png,armor-legs-flame.png
item237.png,armor-chest-red-gold.png
item238.png,armor-chest-cloth-white.png
item239.png,armor-chest-dark.png
item240.png,armor-chest-molten-orange.png
item241.png,armor-legs-leather-brown.png
item242.png,armor-legs-white.png
item243.png,armor-legs-flame-2.png
item244.png,armor-legs-steel.png
item245.png,armor-legs-molten.png
item246.png,armor-legs-frost.png
item247.png,armor-legs-blue.png
item248.png,armor-legs-green.png
item249.png,armor-legs-gold.png
item250.png,armor-legs-vine-green.png
item251.png,armor-legs-gray.png
item252.png,armor-legs-denim-blue.png
item253.png,armor-legs-skirt-white.png
item254.png,armor-legs-frost-blue.png
item255.png,armor-legs-steel-blue.png
item256.png,armor-legs-plate-red.png
item257.png,armor-legs-molten-orange.png
item258.png,armor-legs-silver.png
item259.png,armor-legs-dark.png
item260.png,armor-legs-crimson.png
item261.png,armor-boots-leather-brown.png
item262.png,armor-boots-silver.png
item263.png,armor-boots-flame.png
item264.png,armor-boots-frost.png
item265.png,armor-boots-gold.png
item266.png,armor-boots-frost-blue.png
item267.png,armor-boots-crimson.png
item268.png,armor-boots-bronze.png
item269.png,armor-boots-green.png
item270.png,armor-boots-vine-green.png
item271.png,armor-boots-steel.png
item272.png,armor-boots-frost-green.png
item273.png,armor-boots-molten-orange.png
item274.png,armor-boots-teal.png
item275.png,armor-gloves-leather-brown.png
item276.png,armor-boots-white.png
item277.png,armor-boots-dark.png
item278.png,armor-boots-crimson-red.png
item279.png,armor-boots-skull-green.png
item280.png,armor-boots-snow-white.png
item281.png,hat-santa.png
item282.png,armor-chest-silver-2.png
item283.png,armor-chest-flame-green.png
item284.png,armor-chest-crimson-red-2.png
item285.png,armor-legs-white-2.png
item286.png,armor-helmet-frost-orb.png
item287.png,armor-legs-red.png
item288.png,armor-boots-green-2.png
item289.png,armor-boots-santa-red.png
item290.png,armor-gloves-molten.png
item291.png,armor-gloves-crimson.png
item292.png,armor-gloves-leather-brown-2.png
item293.png,armor-gloves-bronze.png
item294.png,armor-gloves-leather-dark.png
item295.png,armor-boots-leather-brown-2.png
item296.png,armor-helmet-crimson-2.png
item297.png,armor-helmet-steel-2.png
item298.png,armor-helmet-silver-2.png
item299.png,armor-helmet-iron-2.png
item300.png,armor-helmet-plate-white-2.png
item301.png,mask-goat.png
item302.png,mask-rabbit.png
item303.png,mask-fox-red.png
item304.png,mask-tiger.png
item305.png,mask-clown.png
item306.png,mask-astronaut.png
item307.png,hat-chef.png
item308.png,hat-top-brown.png
item309.png,mask-tiger-orange.png
item310.png,hat-laurel-wreath.png
item311.png,costume-red.png
item312.png,costume-armor.png
item313.png,costume-orange.png
item314.png,mask-panda.png
item315.png,hat-top-black.png
item316.png,hat-top-navy.png
item317.png,shirt-white.png
item318.png,shirt-hoodie.png
item319.png,mask-tiger-face.png
item320.png,shirt-collared.png
item321.png,shirt-grey.png
item322.png,food-apple.png
item323.png,food-green-pepper.png
item324.png,food-scrambled-eggs.png
item325.png,food-star-anise.png
item326.png,food-carrot.png
item327.png,food-mushroom.png
item328.png,food-mushroom-toadstool.png
item329.png,food-drumstick.png
item330.png,food-cherries.png
item331.png,food-bread-roll.png
item332.png,food-bread-loaf.png
item333.png,food-ham.png
item334.png,food-drumstick-mace.png
item335.png,food-pumpkin.png
item336.png,food-watermelon-slice.png
item337.png,food-watermelon-slice-2.png
item338.png,food-egg.png
item339.png,food-wheat.png
item340.png,food-bell-pepper-red.png
item341.png,food-kiwi.png
item342.png,food-eggplant.png
item343.png,food-cucumber.png
item344.png,food-banana.png
item345.png,food-coconut.png
item346.png,food-peach.png
item347.png,food-donut.png
item348.png,food-ice-cream-cone.png
item349.png,food-pizza-slice.png
item350.png,food-croissant.png
item351.png,food-pizza-slice-2.png
item352.png,food-pizza-slice-3.png
item353.png,food-pizza-slice-4.png
item354.png,food-chocolate-bar.png
item355.png,food-cupcake.png
item356.png,food-muffin.png
item357.png,food-pancakes.png
item358.png,food-cookie.png
item359.png,food-sausage.png
item360.png,food-chili-green.png
item361.png,food-marshmallows.png
item362.png,food-jam-jar.png
item363.png,food-bean-sprout.png
item364.png,food-herbs.png
item365.png,food-blueberries.png
item366.png,food-fried-chicken.png
item367.png,food-shrimp.png
item368.png,food-drumstick-mace-2.png
item369.png,food-lettuce.png
item370.png,food-milk-carton.png
item371.png,food-mac-and-cheese.png
item372.png,food-stew-bowl.png
item373.png,food-carrot-bunch.png
item374.png,food-pie.png
item375.png,food-peach-2.png
item376.png,food-bread-roll-2.png
item377.png,food-chili-red.png
item378.png,food-orange.png
item379.png,food-mushroom-2.png
item380.png,food-leaf-green.png
item381.png,food-onion.png
item382.png,food-cherries-2.png
item383.png,food-roast-chicken.png
item384.png,food-rice-ball.png
item385.png,food-salmon-fillet.png
item386.png,food-bacon.png
item387.png,food-ribs.png
item388.png,food-cabbage.png
item389.png,food-mushroom-blue.png
item390.png,food-carrot-2.png
item391.png,food-radish.png
item392.png,food-egg-white.png
item393.png,food-fried-egg.png
item394.png,food-radish-bunch.png
item395.png,food-chocolate-bar-2.png
item396.png,food-sandwich.png
item397.png,food-popsicle.png
item398.png,food-chocolate-popsicle.png
item399.png,food-ice-cream-cone-2.png
item400.png,food-ice-cream-cone-3.png
item401.png,food-ice-cream-cone-4.png
item402.png,food-burger.png
item403.png,food-flan.png
item404.png,food-hot-dog.png
item405.png,food-pie-2.png
item406.png,food-steak.png
item407.png,food-sandwich-2.png
item408.png,food-ribs-2.png
item409.png,food-ribs-glazed.png
item410.png,food-cinnamon-roll.png
item411.png,food-sushi-roll.png
item412.png,food-fried-shrimp.png
item413.png,food-mushroom-3.png
item414.png,food-jam-jar-2.png
item415.png,food-grapes.png
item416.png,food-pumpkin-2.png
item417.png,food-grapes-purple.png
item418.png,food-tomato.png
item419.png,food-broccoli.png
item420.png,food-peach-3.png
item421.png,food-sushi-nigiri.png
item422.png,food-dumpling.png
item423.png,food-taco.png
item424.png,food-wine-glass.png
item425.png,food-fried-chicken-2.png
item426.png,food-pizza-slice-5.png
item427.png,food-pizza-slice-cheese.png
item428.png,food-pizza-slice-pepperoni.png
item429.png,food-meat-pie.png
item430.png,food-bacon-strips.png
item431.png,food-strawberry.png
item432.png,food-sausage-2.png
item433.png,food-cooked-shrimp.png
item434.png,food-shrimp-2.png
item435.png,food-fried-shrimp-tail.png
item436.png,food-drumstick-2.png
item437.png,food-steak-cut.png
item438.png,food-ham-hock.png
item439.png,food-chicken-leg.png
item440.png,food-chicken-leg-cooked.png
item441.png,food-cooked-meat.png
item442.png,food-shrimp-cooked.png
item443.png,food-grilled-meat.png
item444.png,food-pork-chop.png
item445.png,food-pizza-slice-small.png
item446.png,food-steak-strip.png
item447.png,food-drumstick-grilled.png
item448.png,food-fried-chicken-leg.png
item449.png,food-bread-loaf-2.png
item450.png,food-cooked-meat-slice.png
item451.png,food-shrimp-fried.png
item452.png,food-chicken-wing.png
item453.png,food-grilled-ribs.png
item454.png,food-drumstick-fried.png
item455.png,food-fish-grilled.png
item456.png,food-roast-meat.png
item457.png,food-fried-food.png
item458.png,food-fried-scallops.png
item459.png,food-fried-shrimp-plate.png
item460.png,food-chili-pepper.png
item461.png,food-mushrooms.png
item462.png,food-mushroom-cluster.png
item463.png,food-meat-chunks.png
item464.png,food-crab.png
item465.png,food-salad.png
item466.png,food-croissant-2.png
item467.png,food-fish-fillet.png
item468.png,food-fried-fish.png
item469.png,food-fried-strips.png
item470.png,food-mushroom-green.png
item471.png,food-mushroom-red.png
item472.png,food-mushroom-brown.png
item473.png,food-onion-2.png
item474.png,food-green-onion.png
item475.png,food-rice-bowl.png
item476.png,food-stew-bowl-2.png
item477.png,food-grilled-meat-strip.png
item478.png,food-sausage-cooked.png
item479.png,food-roast-chicken-2.png
item480.png,food-stew.png
item481.png,food-cabbage-2.png
item482.png,food-red-cabbage.png
item483.png,food-cauliflower.png
item484.png,food-soup-bowl.png
item485.png,food-roast-turkey.png
item486.png,food-chicken-roast.png
item487.png,food-cinnamon-roll-plate.png
item488.png,food-herbs-2.png
item489.png,food-onion-yellow.png
item490.png,food-pizza.png
item491.png,food-shrimp-pile.png
item492.png,food-dumplings.png
item493.png,food-roll.png
item494.png,food-rice-dish.png
item495.png,food-fish-skewer.png
item496.png,food-fish.png
item497.png,food-soup.png
item498.png,food-stew-pot.png
item499.png,food-wine-bottle.png
item500.png,food-fish-cooked.png
item501.png,food-sushi-avocado.png
item502.png,food-salmon-cooked.png
item503.png,food-salmon-fillet-2.png
item504.png,food-steak-cooked.png
item505.png,food-fried-egg-2.png
item506.png,food-meat-lollipop.png
item507.png,food-sushi-roll-2.png
item508.png,food-kebab-skewer.png
item509.png,food-meat-cooked.png
item510.png,food-bacon-strips-2.png
item511.png,food-noodle-bowl.png
item512.png,food-salad-bowl.png
item513.png,food-bread-loaf-3.png
item514.png,food-cheese-wheel.png
item515.png,food-fish-plate.png
item516.png,food-drumstick-3.png
item517.png,food-sausage-link.png
item518.png,food-drink-mug.png
item519.png,food-dumpling-2.png
item520.png,food-shrimp-3.png
item521.png,food-pizza-slice-6.png
item522.png,food-skewer-fruit.png
item523.png,food-watermelon-slice-3.png
item524.png,food-pizza-veggie.png
item525.png,food-waffle.png
item526.png,food-sandwich-3.png
item527.png,food-fried-egg-plate.png
item528.png,food-candy-wrapped.png
item529.png,food-candy-cane.png
item530.png,food-carrot-3.png
item531.png,gem-ruby-cluster.png
item532.png,gem-ruby.png
item533.png,gem-ruby-shard.png
item534.png,gem-ruby-spike.png
item535.png,gem-ruby-ring.png
item536.png,gem-ruby-cut.png
item537.png,gem-topaz-box.png
item538.png,gem-topaz-ring.png
item539.png,gem-topaz-shard.png
item540.png,gem-emerald-block.png
item541.png,gem-emerald-shard.png
item542.png,gem-emerald-blade.png
item543.png,gem-emerald-raw.png
item544.png,gem-diamond-rough.png
item545.png,gem-crystal-shards.png
item546.png,gem-crystal-cluster.png
item547.png,gem-sapphire-shard.png
item548.png,gem-sapphire-orb.png
item549.png,gem-sapphire-raw.png
item550.png,gem-crystal-spike.png
item551.png,gem-diamond-cut.png
item552.png,gem-diamond-cluster.png
item553.png,gem-obsidian-chunk.png
item554.png,gem-crystal-crown.png
item555.png,gem-crystal-comet.png
item556.png,gem-diamond-orb.png
item557.png,gem-crystal-jagged.png
item558.png,gem-crystal-star.png
item559.png,gem-fire-orb.png
item560.png,gem-ice-crystal.png
item561.png,gem-onyx-ring.png
item562.png,bar-iron.png
item563.png,bar-copper-raw.png
item564.png,bar-bronze.png
item565.png,bar-gold.png
item566.png,bar-silver.png
item567.png,bar-gold-shiny.png
item568.png,cash-stack.png
item569.png,cash-bundle.png
item570.png,cash-money-stack.png
item571.png,bar-steel.png
item572.png,bar-copper.png
item573.png,bar-platinum.png
item574.png,ore-stone-chunk.png
item575.png,ore-copper-chunk.png
item576.png,ore-iron-crystal.png
item577.png,ore-gem-cluster.png
item578.png,ore-copper-nugget.png
item579.png,ore-gold-nugget.png
item580.png,ore-crystal-rock.png
item581.png,ore-emerald-rock.png
item582.png,ore-crystal-cluster.png
item583.png,ore-silver-rock.png
item584.png,ore-gem-rough.png
item585.png,ore-stone-crystal.png
item586.png,ore-dark-orb.png
item587.png,ore-fire-shard.png
item588.png,cash-coin-stack.png
item589.png,ore-gem-chunk.png
item590.png,ore-fire-crystal.png
item591.png,ore-gold-nugget-raw.png
item592.png,gem-emerald-shards.png
item593.png,ore-emerald-cluster.png
item594.png,gem-ice-cube.png
item595.png,gem-crystal-gem.png
item596.png,coin-gold-ring.png
item597.png,gem-crystal-thin.png
item598.png,gem-pearl-orb.png
item599.png,gem-crystal-splinter.png
item600.png,ore-silver-orb.png
item601.png,snowflake-crystal.png
item602.png,gift-white-box.png
item603.png,gift-pink-ribbon.png
item604.png,gift-green-ribbon.png
item605.png,gift-yellow-bow.png
item606.png,gift-red-bow.png
item607.png,gift-teal-bow.png
item608.png,gift-pink-bow.png
item609.png,gift-green-bow.png
item610.png,gift-confetti-box.png
item611.png,ornament-gold-star.png
item612.png,ornament-gold-ball.png
item613.png,ornament-gold-bauble.png
item614.png,ornament-gold-cluster.png
item615.png,candy-cane-2.png
item616.png,gingerbread-cookie.png
item617.png,holly-berry-sprig.png
item618.png,santa-hat.png
item619.png,christmas-tree.png
item620.png,gingerbread-man.png
item621.png,pinecone.png
item622.png,holly-wreath.png
item623.png,book-red-open.png
item624.png,book-red-stack.png
item625.png,book-brown-thick.png
item626.png,book-brown-open.png
item627.png,book-red-bookmark.png
item628.png,scroll-open-parchment.png
item629.png,scroll-rolled.png
item630.png,scroll-tied-ribbon.png
item631.png,scissors.png
item632.png,quill-feather-rainbow.png
item633.png,pencil-orange.png
item634.png,quill-brown.png
item635.png,eraser-red.png
item636.png,eraser-red-white.png
item637.png,pencil-sharpened.png
item638.png,pen-blue-metal.png
item639.png,pen-silver.png
item640.png,parchment-torn.png
item641.png,paper-stack.png
item642.png,paper-stack-folded.png
item643.png,seal-wax-red.png
item644.png,scroll-green-page.png
item645.png,paperclip.png
item646.png,paper-blank-pin.png
item647.png,quill-ink-writing.png
item648.png,book-red-leather.png
item649.png,map-folded-tan.png
item650.png,quill-blue.png
item651.png,ink-pot-black.png
item652.png,book-blue-cover.png
item653.png,book-green-cover.png
item654.png,book-blue-stack.png
item655.png,book-brown-tome.png
item656.png,magnifying-glass-red.png
item657.png,magnifying-glass.png
item658.png,flag-red-triangle.png
item659.png,map-scroll-blue.png
item660.png,map-scroll-green.png
item661.png,flag-orange.png
item662.png,map-green-parchment.png
item663.png,flag-blue-tattered.png
item664.png,quill-gold-nib.png
item665.png,paper-crumpled-scraps.png
item666.png,horn-brass.png
item667.png,bottle-green-wine.png
item668.png,cloth-orange-folded.png
item669.png,cloth-white-folded.png
item670.png,cloth-black-folded.png
item671.png,ring-gold-band.png
item672.png,ring-silver-gem.png
item673.png,ring-silver-band.png
item674.png,pouch-brown-leather.png
item675.png,pouch-white-coins.png
item676.png,pouch-brown-tied.png
item677.png,ladder-wood.png
item678.png,bell-gold.png
item679.png,bird-yellow.png
item680.png,jar-clay.png
item681.png,pouch-orange-open.png
item682.png,chest-satchel.png
item683.png,pouch-white-cloth.png
item684.png,cigar-lit.png
item685.png,cigar-burning.png
item686.png,sausage-links.png
item687.png,meat-cooked-leg.png
item688.png,heart-red.png
item689.png,scroll-white-ribbon.png
item690.png,hook-silver.png
item691.png,key-gold.png
item692.png,key-gold-ornate.png
item693.png,key-silver-skull.png
item694.png,key-red-ornate.png
item695.png,hammer-stone-2.png
item696.png,pickaxe-iron.png
item697.png,meat-raw-slab.png
item698.png,pickaxe-fire.png
item699.png,pickaxe-red.png
item700.png,hammer-wood.png
item701.png,axe-double-orange.png
item702.png,axe-wooden-worn.png
item703.png,hammer-wooden-mallet.png
item704.png,axe-battle-orange.png
item705.png,axe-red-blade.png
item706.png,axe-orange-handle.png
item707.png,saw-hand-metal.png
item708.png,wand-green-crystal.png
item709.png,hammer-red-claw.png
item710.png,hammer-metal-forged.png
item711.png,magnet-horseshoe-blue.png
item712.png,wand-white-staff.png
item713.png,hammer-orange-ball.png
item714.png,crate-wooden-plank.png
item715.png,crate-red-metal.png
item716.png,lantern-glowing-blue.png
item717.png,box-wooden-crate.png
item718.png,box-wooden-tan.png
item719.png,wand-fire-torch.png
item720.png,torch-flaming-orange.png
item721.png,campfire-burning.png
item722.png,lantern-blue-glass.png
item723.png,wand-orange-rod.png
item724.png,hammer-silver-claw.png
item725.png,crate-wooden-open.png
item726.png,box-wooden-lid.png
item727.png,wand-copper-rod.png
item728.png,hammer-golden-mace.png
item729.png,pot-silver-metal.png
item730.png,wand-green-vial.png
item731.png,chain-iron-links.png
item732.png,chain-metal-double.png
item733.png,chain-silver-loops.png
item734.png,wrench-orange-tool.png
item735.png,pearls-white-cluster.png
item736.png,gear-silver-diamond.png
item737.png,pouch-red-water.png
item738.png,chain-cyan-links.png
item739.png,chain-silver-hook.png
item740.png,hammer-golden-war.png
item741.png,key-orange-skeleton.png
item742.png,wrench-silver-spoon.png
item743.png,key-orange-antique.png
item744.png,gem-green-bar.png
item745.png,box-wooden-open.png
item746.png,wrench-red-curved.png
item747.png,anvil-silver-metal.png
item748.png,cup-golden-goblet.png
item749.png,claw-orange-flame.png
item750.png,axe-red-cleaver.png
item751.png,scissors-orange-open.png
item752.png,gear-silver-cog.png
item753.png,gear-blue-mechanism.png
item754.png,gear-red-mechanism.png
item755.png,axe-silver-hatchet.png
item756.png,wand-brown-rod.png
item757.png,wand-red-rod.png
item758.png,blade-silver-thin.png
item759.png,blade-silver-curved.png
item760.png,brush-red-handle.png
item761.png,cloth-white-rag.png
item762.png,barrel-golden-wood.png
item763.png,pouch-green-sack.png
item764.png,magnet-red-horseshoe.png
item765.png,gear-silver-ring.png
item766.png,compass-brass-navigation.png
item767.png,wand-silver-orb.png
item768.png,wand-copper-scepter.png
item769.png,gear-silver-saw.png
item770.png,magnifier-brass-glass.png
item771.png,crystal-blue-shard.png
item772.png,cloth-white-folded-2.png
item773.png,axe-crossed-wooden.png
item774.png,pouch-red-drawstring.png
item775.png,feather-cyan-quill.png
item776.png,pouch-red-coin.png
item777.png,flowers-colorful-bouquet.png
item778.png,crystal-silver-shards.png
item779.png,crystal-blue-cluster.png
item780.png,feather-white-quill.png
item781.png,pouch-brown-leather-2.png
item782.png,skull-white-bone.png
item783.png,basket-woven-brown.png
item784.png,bone-club-spiked.png
item785.png,bone-white-fragment.png
item786.png,bone-white-large.png
item787.png,bone-white-curved.png
item788.png,bone-white-rib.png
item789.png,bone-white-joint.png
item790.png,bone-white-piece.png
item791.png,dice-white-cubes.png
item792.png,dice-white-domino.png
item793.png,card-ace-clubs.png
item794.png,card-playing-hand.png
item795.png,wand-silver-scepter.png
item796.png,wand-blue-rod.png
item797.png,paddle-blue-oar.png
item798.png,scroll-green-parchment-2.png
item799.png,blade-silver-dagger.png
item800.png,blade-silver-small.png
item801.png,scepter-gold-orb.png
item802.png,wand-wooden.png
item803.png,axe-crystal.png
item804.png,bowl-empty-white.png
item805.png,pot-lid-blue.png
item806.png,bowl-copper.png
item807.png,cauldron-iron.png
item808.png,mortar-stone.png
item809.png,mortar-copper.png
item810.png,cup-white.png
item811.png,cup-steel.png
item812.png,wand-silver-tip.png
item813.png,staff-red-gem.png
item814.png,staff-frost.png
item815.png,staff-flame.png
item816.png,wand-fire-scroll.png
item817.png,wand-thin.png
item818.png,staff-gold-burst.png
item819.png,staff-vine.png
item820.png,dreamcatcher-web.png
item821.png,staff-simple-wood.png
item822.png,orb-red-swirl.png
item823.png,wand-silver-orb-2.png
item824.png,wand-copper.png
item825.png,staff-cross-stone.png
item826.png,staff-cross-emerald.png
item827.png,wand-star-tip.png
item828.png,crown-gold-band.png
item829.png,staff-jade-totem.png
item830.png,staff-shadow-purple.png
item831.png,dreamcatcher-red.png
item832.png,dreamcatcher-gold.png
item833.png,harp-golden.png
item834.png,orb-flame-gold.png
item835.png,staff-crossed-flame.png
item836.png,wand-flame-tip.png
item837.png,scepter-orb-silver.png
item838.png,drum-woven.png
item839.png,wand-flame-copper.png
item840.png,wand-ember.png
item841.png,staff-gold-rod.png
item842.png,wand-flame-red.png
item843.png,wand-plain.png
item844.png,key-gold-staff.png
item845.png,wand-orb-silver.png
item846.png,chest-magic.png
item847.png,shield-rune.png
item848.png,gem-cluster.png
item849.png,box-red-rune.png
item850.png,cross-gold.png
item851.png,crossed-wands.png
item852.png,wand-brush.png
item853.png,trumpet-gold.png
item854.png,harp-flame.png
item855.png,harp-gold.png
item856.png,flute-crystal.png
item857.png,triangle-metal.png
item858.png,panpipe-flame.png
item859.png,club-wooden.png
item860.png,wand-flame-wood.png
item861.png,crossed-arrows-gem.png
item862.png,drum-hand.png
item863.png,harp-lyre-gold.png
item864.png,panpipe-wood.png
item865.png,tuning-fork-silver.png
item866.png,bell-boxed.png
item867.png,tuning-fork-frost.png
item868.png,ring-silver.png
item869.png,ring-flame.png
item870.png,ring-gem-blue.png
item871.png,scepter-gold-hook.png
item872.png,ring-gold.png
item873.png,ring-silver-gem-2.png
item874.png,crown-gold-2.png
item875.png,cape-silver.png
item876.png,cape-red.png
item877.png,cape-shadow.png
item878.png,wizard-hat-green.png
item879.png,wizard-hat-blue.png
item880.png,orb-crystal.png
item881.png,wand-blue-gem.png
item882.png,wand-ruby-tip.png
item883.png,staff-jade-flower.png
item884.png,scepter-flame.png
item885.png,staff-ruby-gem.png
item886.png,scepter-gold-orb-tall.png
item887.png,wand-gold-tip-2.png
item888.png,staff-ring-gold.png
item889.png,staff-hook-gold.png
item890.png,crown-silver-open.png
item891.png,robot-green.png
item892.png,ring-gold-plain.png
item893.png,wizard-hat-purple.png
item894.png,ring-rune-blue.png
item895.png,wand-crystal-flame.png
item896.png,wand-flame-tip-red.png
item897.png,staff-plain-flame.png
item898.png,scepter-purple.png
item899.png,staff-broom.png
item900.png,wand-flame-small.png
item901.png,bomb-round-fuse.png
item902.png,bomb-cluster-gold.png
item903.png,potion-purple-flask.png
item904.png,first-aid-red-kit.png
item905.png,rose-red-flower.png
item906.png,wand-star-tip-2.png
item907.png,wand-flame-rod.png
item908.png,bomb-dynamite-bundle.png
item909.png,bomb-red-stick.png
item910.png,bomb-explosion-burst.png
item911.png,bomb-blue-shell.png
item912.png,bomb-teal-cluster.png
item913.png,first-aid-white-kit.png
item914.png,potion-silver-vial.png
item915.png,wand-syringe-injector.png
item916.png,potion-orange-crate.png
item917.png,first-aid-green-box.png
item918.png,wand-hammer-mallet.png
item919.png,potion-green-bottle.png
item920.png,wand-cross-staff.png
item921.png,magnet-horseshoe-red.png
item922.png,bar-silver-ingot.png
item923.png,wrench-rust-tool.png
item924.png,wrench-brush-tool.png
item925.png,component-shuriken-star.png
item926.png,spring-copper-coil.png
item927.png,component-copper-cog.png
item928.png,wrench-copper-pliers.png
item929.png,wrench-silver-tool.png
item930.png,magnet-round-steel.png
item931.png,wrench-steel-tool.png
item932.png,bar-bolt-screw.png
item933.png,gear-copper-cog.png
item934.png,gear-silver-cog-2.png
item935.png,spring-steel-coil.png
item936.png,component-metal-ring.png
item937.png,component-copper-cluster.png
item938.png,battery-red-cell.png
item939.png,battery-copper-cell.png
item940.png,spring-hook-coil.png
item941.png,component-gauge-dial.png
item942.png,wrench-copper-wrench.png
item943.png,component-copper-knot.png
item944.png,component-teal-ring.png
item945.png,component-copper-rod.png
item946.png,battery-fuse-rod.png
item947.png,battery-blue-rod.png
item948.png,spring-red-coil.png
item949.png,component-silver-plug.png
item950.png,battery-teal-cell.png
item951.png,component-copper-strip.png
item952.png,battery-striped-cell.png
item953.png,component-orange-plug.png
item954.png,chip-metal-block.png
item955.png,chip-copper-block.png
item956.png,chip-teal-block.png
item957.png,chip-silver-block.png
item958.png,chip-black-block.png
item959.png,component-black-clip.png
item960.png,chip-green-block.png
item961.png,circuit-board-green.png
item962.png,chip-blue-stack.png
item963.png,circuit-board-white.png
item964.png,chip-gold-plate.png
item965.png,chip-round-lens.png
item966.png,circuit-board-green-chip.png
item967.png,circuit-board-green-square.png
item968.png,chip-orange-processor.png
item969.png,circuit-board-green-tile.png
item970.png,chip-orange-frame.png
item971.png,chip-orange-socket.png
item972.png,chip-gold-socket.png
item973.png,chip-orange-plate.png
item974.png,chip-black-grid.png
item975.png,wand-slim-rod.png
item976.png,circuit-board-red-panel.png
item977.png,chip-white-module.png
item978.png,wand-copper-rod-2.png
item979.png,battery-copper-coil.png
item980.png,wand-wood-rod.png
item981.png,chip-blue-card.png
item982.png,chip-blue-module.png
item983.png,circuit-board-green-strip.png
item984.png,circuit-board-teal-ring.png
item985.png,circuit-board-red-panel-two.png
item986.png,chip-teal-module.png
item987.png,component-silver-fan.png
item988.png,wand-twig-stick.png
item989.png,log-copper-bundle.png
item990.png,battery-white-coil.png
item991.png,log-red-bundle.png
item992.png,wood-red-plank.png
item993.png,log-orange-bundle.png
item994.png,leaf-green-blade.png
item995.png,leaf-green-sprig.png
item996.png,herb-green-bush.png
item997.png,herb-green-sprout.png
item998.png,herb-berry-bush.png
item999.png,leaf-green-cluster.png
item1000.png,log-brown-round.png
item1001.png,plant-cotton-white.png
item1002.png,herb-green.png
item1003.png,bush-green.png
item1004.png,cactus-green.png
item1005.png,cactus-flower-pink.png
item1006.png,flower-bouquet.png
item1007.png,flower-pink-cluster.png
item1008.png,herb-sprout.png
item1009.png,clover-green.png
item1010.png,herb-twig-brown.png
item1011.png,clover-four-leaf.png
item1012.png,root-brown.png
item1013.png,clover-green-small.png
item1014.png,bud-orange.png
item1015.png,flower-orange-wilted.png
item1016.png,vine-green.png
item1017.png,vine-pink-flower.png
item1018.png,flower-red-cluster.png
item1019.png,leaf-pile-green.png
item1020.png,leaf-green-2.png
item1021.png,seed-brown.png
item1022.png,tulip-orange.png
item1023.png,pumpkin-orange.png
item1024.png,lily-white.png
item1025.png,lily-white-bud.png
item1026.png,lily-white-pair.png
item1027.png,daisy-white.png
item1028.png,flower-orange.png
item1029.png,flower-orange-bloom.png
item1030.png,flower-red-bud.png
item1031.png,rose-red.png
item1032.png,flower-pink-carnation.png
item1033.png,flower-pink-cluster-2.png
item1034.png,flower-blue.png
item1035.png,flower-white-star.png
item1036.png,flower-brown-dried.png
item1037.png,flower-white-feather.png
item1038.png,rose-red-bloom.png
item1039.png,flower-peach.png
item1040.png,flower-white.png
item1041.png,tulip-yellow.png
item1042.png,tulip-yellow-stem.png
item1043.png,daisy-white-stem.png
item1044.png,fish-white.png
item1045.png,fish-koi-red.png
item1046.png,fish-gray-spiny.png
item1047.png,fish-blue.png
item1048.png,fish-clownfish-orange.png
item1049.png,fish-orange.png
item1050.png,fish-blue-fin.png
item1051.png,fish-goldfish-orange.png
item1052.png,fish-blue-long.png
item1053.png,fish-teal.png
item1054.png,fish-bass-green.png
item1055.png,fish-blue-striped.png
item1056.png,fish-green.png
item1057.png,fish-teal-fin.png
item1058.png,fish-blue-dark.png
item1059.png,fish-skeleton.png
item1060.png,fish-blue-ray.png
item1061.png,fish-white-blue.png
item1062.png,fish-blue-spotted.png
item1063.png,fish-pink-trout.png
item1064.png,fish-gray-2.png
item1065.png,fish-blue-silver.png
item1066.png,fish-orange-puffer.png
item1067.png,fish-orange-fin.png
item1068.png,fish-green-round.png
item1069.png,fish-orange-koi.png
item1070.png,fish-orange-dart.png
item1071.png,seahorse-green.png
item1072.png,fish-teal-dolphin.png
item1073.png,fish-pink.png
item1074.png,fish-orange-yellow.png
item1075.png,shrimp-orange.png
item1076.png,fish-white-fin.png
item1077.png,fish-orange-striped.png
item1078.png,fish-teal-blue.png
item1079.png,fish-silver-striped.png
item1080.png,fish-orange-small.png
item1081.png,fish-blue-dark-2.png
item1082.png,fish-orange-clown.png
item1083.png,fish-red-loop.png
item1084.png,fish-hammerhead-blue.png
item1085.png,fish-silver.png
item1086.png,fish-orange-eel.png
item1087.png,fish-gray-blue.png
item1088.png,shell-orange.png
item1089.png,shell-clam-blue.png
item1090.png,shell-scallop-tan.png
item1091.png,crab-orange.png
item1092.png,fish-blue-koi.png
item1093.png,starfish-orange.png
item1094.png,seahorse-red.png
item1095.png,shell-spiral-orange.png
item1096.png,coral-white.png
item1097.png,coral-blue.png
item1098.png,coral-pink.png
item1099.png,coral-orange.png
item1100.png,fish-blue-thin.png
item1101.png,hook-orange.png
item1102.png,hook-red.png
item1103.png,hook-silver-twin.png
item1104.png,hook-silver-2.png
item1105.png,hook-blue.png
item1106.png,hook-frost.png
item1107.png,hook-ice.png
item1108.png,bobber-red.png
item1109.png,bobber-silver.png
item1110.png,bobber-red-lure.png
item1111.png,rod-blue.png
item1112.png,anchor-silver.png
item1113.png,anchor-blue.png
item1114.png,lifebuoy-red.png
item1115.png,hook-fire.png
item1116.png,hook-golden-coiled.png
item1117.png,hook-blue-fin.png
item1118.png,hook-gem.png
item1119.png,hook-crystal.png
item1120.png,hook-flame.png
item1121.png,ore-gold.png
item1122.png,ore-green.png
item1123.png,ore-crystal-red.png
item1124.png,ore-teal.png
item1125.png,ore-lime.png
item1126.png,rock-dark.png
item1127.png,rock-gray.png
item1128.png,ore-copper-2.png
item1129.png,ingot-crystal.png
item1130.png,gem-green-cluster.png
item1131.png,rock-blue.png
item1132.png,ore-orange-crystal.png
item1133.png,ore-fire.png
item1134.png,ore-flame.png
item1135.png,ore-molten.png
item1136.png,rock-obsidian.png
item1137.png,gem-slate.png
item1138.png,gem-silver.png
item1139.png,ore-fire-shard-2.png
item1140.png,rock-stone.png
item1141.png,gem-frost.png
item1142.png,ore-ember.png
item1143.png,crystal-ice-cluster.png
item1144.png,gem-red-dark.png
item1145.png,ore-fire-streak.png
item1146.png,ring-silver-3.png
item1147.png,ring-teal.png
item1148.png,ring-gold-3.png
item1149.png,ring-silver-band-2.png
item1150.png,ring-fire.png
item1151.png,ring-gold-band-2.png
item1152.png,ring-green.png
item1153.png,ring-blue.png
item1154.png,ring-pink.png
item1155.png,crown-gold-3.png
item1156.png,coin-silver.png
item1157.png,coin-orange.png
item1158.png,coin-crystal.png
item1159.png,coin-gold.png
item1160.png,gem-lime.png
item1161.png,gem-green-block.png
item1162.png,coin-blue-stack.png
item1163.png,coin-gold-stack.png
item1164.png,bone-white.png
item1165.png,horn-orange.png
item1166.png,skull-green.png
item1167.png,skull-white.png
item1168.png,skull-orange.png
item1169.png,eyeball-blue.png
item1170.png,eyeball-green.png
item1171.png,eyeball-white.png
item1172.png,eyeball-brown.png
item1173.png,eyeball-red.png
item1174.png,eyeball-clown.png
item1175.png,feather-green.png
item1176.png,feather-orange.png
item1177.png,feather-green-blade.png
item1178.png,feather-red.png
item1179.png,heart-red-2.png
item1180.png,heart-flesh.png
item1181.png,claw-red.png
item1182.png,claw-orange.png
item1183.png,claw-purple.png
item1184.png,meat-cooked-2.png
item1185.png,tooth-white.png
item1186.png,horn-orange-curved.png
item1187.png,wing-white.png
item1188.png,horn-flame.png
item1189.png,claw-red-curved.png
item1190.png,gem-teal.png
item1191.png,horn-green.png
item1192.png,horn-orange-tip.png
item1193.png,dung-pile.png
item1194.png,eye-fire-ring.png
item1195.png,gem-orb-dark.png
item1196.png,claw-fire.png
item1197.png,feather-fire.png
item1198.png,feather-flame.png
item1199.png,horn-blue.png
item1200.png,horn-blue-pair.png
item1201.png,skull-white-crossbones.png
item1202.png,organ-mouth-pink.png
item1203.png,lung-pink.png
item1204.png,claw-orange-3.png
item1205.png,horn-orange-2.png
item1206.png,stomach-orange.png
item1207.png,hand-dark.png
item1208.png,snake-green.png
item1209.png,fish-gray-3.png
item1210.png,tail-green.png
item1211.png,bone-tan.png
item1212.png,paw-gray.png
item1213.png,bone-brown.png
item1214.png,hand-green.png
item1215.png,heart-red-3.png
item1216.png,fish-blue-2.png
item1217.png,snake-green-coiled.png
item1218.png,eyeball-black.png
item1219.png,eyeball-green-2.png
item1220.png,fang-white.png
item1221.png,feather-green-2.png
item1222.png,snake-pink.png
item1223.png,claw-orange-curved.png
item1224.png,fish-green-2.png
item1225.png,fish-green-scaled.png
item1226.png,fish-green-fat.png
item1227.png,bone-hand-white.png
item1228.png,claw-orange-4.png
item1229.png,feather-white.png
item1230.png,feather-orange-2.png
item1231.png,eyeball-white-2.png
item1232.png,eyeball-green-reptile.png
item1233.png,claw-blue.png
item1234.png,fish-blue-gray.png
item1235.png,bone-orange.png
item1236.png,bone-orange-jaw.png
item1237.png,bone-tan-2.png
item1238.png,claw-orange-flame-2.png
item1239.png,claw-orange-hooked.png
item1240.png,hand-orange-skeletal.png
item1241.png,beak-black.png
item1242.png,snake-green-striped.png
item1243.png,feather-blue.png
item1244.png,fang-white-cluster.png